{
  "train_auc": 0.8597629768605379,
  "test_auc": 0.7458922231428445,
  "n_train": 4000,
  "n_test": 1000,
  "feature_columns": [
    "founded_year",
    "has_subsidiaries",
    "company_age",
    "company_form_A_S",
    "company_form_ApS",
    "company_form_ENK",
    "company_form_Holding",
    "company_form_IVS",
    "industry_nace_1130",
    "industry_nace_10710",
    "industry_nace_41200",
    "industry_nace_43210",
    "industry_nace_46900",
    "industry_nace_47410",
    "industry_nace_47990",
    "industry_nace_49410",
    "industry_nace_56100",
    "industry_nace_62010",
    "industry_nace_62020",
    "industry_nace_63110",
    "industry_nace_68203",
    "industry_nace_69200",
    "industry_nace_70220",
    "industry_nace_71121",
    "industry_nace_85590",
    "industry_nace_86220",
    "industry_nace_90030",
    "industry_nace_96020",
    "region_Hovedstaden",
    "region_Midtjylland",
    "region_Nordjylland",
    "region_Sjaelland",
    "region_Syddanmark",
    "employee_band_0",
    "employee_band_1-4",
    "employee_band_10-19",
    "employee_band_20-49",
    "employee_band_5-9",
    "employee_band_50+",
    "vat_frequency_Half-yearly",
    "vat_frequency_Monthly",
    "vat_frequency_Quarterly"
  ],
  "top_features": {
    "employee_band_0": 0.19154436886310577,
    "employee_band_20-49": 0.0664181336760521,
    "employee_band_10-19": 0.054706696420907974,
    "company_form_ApS": 0.04122614115476608,
    "employee_band_50+": 0.030460139736533165,
    "industry_nace_62020": 0.02766554057598114,
    "industry_nace_63110": 0.027319326996803284,
    "employee_band_5-9": 0.027032656595110893,
    "industry_nace_62010": 0.026627356186509132,
    "vat_frequency_Quarterly": 0.0245501771569252,
    "company_form_IVS": 0.023020390421152115,
    "company_form_ENK": 0.02251085452735424,
    "employee_band_1-4": 0.020294254645705223,
    "industry_nace_56100": 0.019651714712381363,
    "industry_nace_69200": 0.018033677712082863
  }
}